                  epoch,         train/box_loss,         train/seg_loss,         train/cls_loss,         train/dfl_loss,   metrics/precision(B),      metrics/recall(B),       metrics/mAP50(B),    metrics/mAP50-95(B),   metrics/precision(M),      metrics/recall(M),       metrics/mAP50(M),    metrics/mAP50-95(M),           val/box_loss,           val/seg_loss,           val/cls_loss,           val/dfl_loss,                 lr/pg0,                 lr/pg1,                 lr/pg2
                      1,                 1.2122,                 1.5313,                0.96733,                 1.2338,                0.78179,                0.89848,                0.86655,                0.61016,                0.78186,                0.90111,                0.87055,                0.49051,                 1.0017,                  1.139,                 0.6305,                 1.1763,             0.00046812,             0.00046812,             0.00046812
                      2,                 1.0576,                 1.2052,                0.66321,                 1.1382,                0.89115,                0.89015,                0.93345,                0.66788,                0.89115,                0.89015,                 0.9355,                0.54549,                 1.0044,                 1.2353,                0.58455,                 1.1675,             0.00094134,             0.00094134,             0.00094134
                      3,                0.98335,                 1.1702,                0.69605,                  1.099,                0.87586,                0.88342,                 0.9135,                0.64549,                0.87586,                0.88342,                0.91505,                 0.5577,                 1.0266,                 1.1064,                0.63148,                 1.2067,              0.0014114,              0.0014114,              0.0014114
                      4,                0.98984,                  1.125,                0.68462,                 1.1031,                0.87151,                0.90117,                0.94398,                0.68807,                0.86557,                0.89642,                0.93882,                0.57749,                0.98333,                 1.0979,                  0.581,                 1.1773,              0.0014149,              0.0014149,              0.0014149
                      5,                0.94595,                 1.1153,                0.66716,                  1.087,                0.83202,                0.84034,                0.89432,                0.59993,                0.83202,                0.84034,                0.89402,                0.51102,                 1.0311,                 1.1948,                 0.7002,                 1.1665,              0.0014149,              0.0014149,              0.0014149
                      6,                0.94725,                 1.1376,                0.67211,                 1.0894,                0.83402,                0.94509,                0.93754,                 0.6944,                0.83402,                0.94509,                0.93702,                0.54295,                0.95833,                 1.1506,                0.61471,                 1.1667,              0.0014101,              0.0014101,              0.0014101
                      7,                0.92479,                 1.0296,                0.61453,                 1.0657,                0.88696,                 0.8545,                 0.9166,                0.66145,                0.88969,                0.85699,                0.91955,                0.52832,                 0.9324,                 1.0774,                0.57881,                 1.1386,              0.0014054,              0.0014054,              0.0014054
                      8,                0.87287,                 1.0472,                0.59712,                 1.0567,                0.90787,                 0.9299,                0.95472,                0.68934,                0.90787,                 0.9299,                 0.9513,                0.60306,                0.90615,                  1.083,                0.59694,                   1.13,              0.0014007,              0.0014007,              0.0014007
                      9,                0.86185,                 1.0374,                 0.5795,                 1.0385,                0.82791,                0.92185,                0.93798,                0.67329,                0.81823,                0.91747,                0.93234,                0.52093,                0.97813,                 1.1211,                0.58394,                 1.1709,               0.001396,               0.001396,               0.001396
                     10,                0.84478,                0.98601,                0.55342,                 1.0266,                0.94024,                0.87041,                 0.9488,                0.70688,                0.94434,                0.86705,                0.94576,                0.57149,                0.87888,                   1.05,                0.52523,                 1.1014,              0.0013913,              0.0013913,              0.0013913
                     11,                0.81921,                0.99078,                0.51309,                 1.0148,                0.87609,                0.90901,                0.94012,                0.69687,                0.87609,                0.90901,                0.93895,                0.56573,                0.93448,                 1.0163,                0.53486,                 1.1511,              0.0013866,              0.0013866,              0.0013866
                     12,                0.81602,                0.95542,                0.51139,                 1.0086,                0.83675,                0.93024,                0.94983,                0.73201,                0.83675,                0.93024,                 0.9495,                0.60001,                 0.8732,                 1.1012,                 0.5436,                 1.0883,              0.0013818,              0.0013818,              0.0013818
                     13,                0.81804,                0.98287,                0.51649,                 1.0097,                0.92887,                0.89926,                0.95799,                0.71433,                0.92887,                0.89926,                0.95726,                 0.5789,                0.88388,                 1.0717,                0.47137,                 1.1071,              0.0013771,              0.0013771,              0.0013771
                     14,                0.78453,                0.97977,                0.50075,                0.99501,                 0.9211,                0.90658,                0.94842,                0.70971,                 0.9211,                0.90658,                0.94603,                0.60329,                0.89516,                 1.0411,                0.51034,                 1.1343,              0.0013724,              0.0013724,              0.0013724
                     15,                0.74681,                0.94058,                0.48529,                0.98023,                0.96629,                 0.8717,                0.94921,                0.70523,                0.96629,                 0.8717,                0.94921,                0.58143,                 0.8778,                  1.106,                0.49712,                 1.0972,              0.0013677,              0.0013677,              0.0013677
                     16,                0.76934,                0.95439,                0.49463,                0.98745,                0.97294,                0.87789,                0.95542,                0.71328,                0.97294,                0.87789,                0.95461,                  0.615,                0.87305,                 1.0449,                0.52152,                 1.1029,               0.001363,               0.001363,               0.001363
                     17,                0.73966,                0.88179,                0.46671,                0.97775,                0.90033,                 0.9104,                0.94415,                0.73097,                0.90291,                0.91288,                0.94627,                0.62141,                0.87135,                 1.0387,                 0.4889,                 1.0934,              0.0013583,              0.0013583,              0.0013583
                     18,                0.74773,                0.91965,                0.46464,                0.98087,                0.90383,                0.91728,                0.94626,                0.73785,                0.90383,                0.91728,                0.94602,                0.61451,                 0.8613,                 1.0721,                 0.5174,                 1.0938,              0.0013535,              0.0013535,              0.0013535
                     19,                0.74518,                0.90444,                0.46538,                0.97645,                0.92649,                0.90484,                 0.9553,                0.72951,                0.92649,                0.90484,                 0.9557,                0.62845,                0.83538,                 1.0542,                0.46621,                 1.0812,              0.0013488,              0.0013488,              0.0013488
                     20,                0.71976,                0.86163,                0.44697,                0.96504,                0.90557,                0.90624,                0.94503,                0.74366,                0.90802,                0.90873,                0.94833,                0.64389,                0.83264,                 1.0215,                 0.4572,                 1.0651,              0.0013441,              0.0013441,              0.0013441
                     21,                0.72329,                 0.8808,                0.45523,                0.97655,                0.89728,                0.88666,                0.94977,                0.73281,                0.89452,                0.88417,                0.94485,                0.58705,                0.84948,                 1.0621,                0.56569,                 1.0798,              0.0013394,              0.0013394,              0.0013394
                     22,                0.69307,                0.84343,                0.44814,                0.96524,                0.93534,                 0.8683,                0.94462,                0.72383,                0.93534,                 0.8683,                0.94542,                0.59505,                0.84322,                 1.0669,                0.48519,                 1.0787,              0.0013347,              0.0013347,              0.0013347
                     23,                0.69791,                0.85817,                0.44171,                0.95831,                0.93041,                0.89653,                0.93676,                0.72876,                0.93466,                0.89826,                0.94081,                0.61523,                0.84976,                 1.0183,                0.52652,                 1.0641,                0.00133,                0.00133,                0.00133
                     24,                0.70108,                 0.8642,                0.44695,                 0.9581,                0.94606,                 0.8578,                0.93475,                0.71762,                0.94606,                 0.8578,                0.93475,                0.61492,                0.86254,                 1.0533,                0.51537,                 1.0923,              0.0013253,              0.0013253,              0.0013253
                     25,                0.70016,                0.83455,                0.43319,                0.96009,                0.94444,                0.86334,                0.94719,                0.73877,                0.94444,                0.86334,                0.94452,                0.60893,                0.82091,                 1.0499,                0.45907,                  1.058,              0.0013205,              0.0013205,              0.0013205
                     26,                0.70669,                0.86513,                0.42845,                0.95993,                 0.9012,                0.91253,                 0.9531,                0.72954,                 0.9012,                0.91253,                0.95057,                0.60754,                0.85305,                 1.0122,                0.45686,                 1.0786,              0.0013158,              0.0013158,              0.0013158
                     27,                 0.6696,                0.85572,                0.41268,                 0.9451,                0.93481,                0.90057,                0.95222,                0.74055,                0.93481,                0.90057,                0.95033,                0.62425,                0.84214,                0.98104,                0.45874,                 1.0691,              0.0013111,              0.0013111,              0.0013111
                     28,                0.66915,                0.83196,                0.41472,                0.94628,                0.94148,                0.87439,                 0.9298,                0.71298,                0.94148,                0.87439,                0.92905,                0.61531,                0.85059,                 1.0649,                0.47048,                  1.081,              0.0013064,              0.0013064,              0.0013064
                     29,                0.66662,                0.82916,                0.40492,                0.93829,                0.95715,                0.89783,                0.94477,                0.73809,                0.95715,                0.89783,                0.94477,                0.63424,                0.83634,                  1.048,                0.46808,                 1.0661,              0.0013017,              0.0013017,              0.0013017
                     30,                0.64139,                0.82513,                0.39307,                0.93367,                 0.9393,                0.89783,                0.93723,                0.73239,                0.94169,                0.90031,                0.93898,                0.61596,                0.83059,                 1.0285,                0.47781,                 1.0598,               0.001297,               0.001297,               0.001297
                     31,                0.64022,                0.81448,                0.40627,                0.93416,                0.94009,                0.88221,                0.92978,                0.72132,                0.94009,                0.88221,                0.92978,                0.60512,                0.84372,                 1.0934,                0.49136,                 1.0757,              0.0012922,              0.0012922,              0.0012922
                     32,                0.64218,                0.82075,                0.40811,                0.93777,                0.91373,                0.87323,                0.92447,                0.71684,                0.91373,                0.87323,                0.92292,                0.61295,                0.85839,                 1.1071,                0.50408,                 1.0785,              0.0012875,              0.0012875,              0.0012875
                     33,                0.62571,                0.79953,                0.37845,                0.92933,                0.92865,                0.89155,                0.92013,                0.72125,                0.92865,                0.89155,                0.91851,                0.61613,                0.82941,                 1.0307,                0.47045,                 1.0625,              0.0012828,              0.0012828,              0.0012828
                     34,                0.62385,                0.79535,                0.38826,                0.92941,                0.92253,                0.91463,                0.93568,                0.72567,                0.92253,                0.91463,                0.93587,                0.60782,                0.83666,                 1.0238,                0.46594,                 1.0812,              0.0012781,              0.0012781,              0.0012781
                     35,                0.63008,                 0.7881,                0.40019,                0.92903,                0.93044,                0.86134,                0.92443,                0.73176,                0.93044,                0.86134,                0.92525,                0.61042,                0.84376,                 1.0216,                0.52214,                 1.0853,              0.0012734,              0.0012734,              0.0012734
                     36,                0.63507,                0.77301,                0.38203,                0.93425,                0.89858,                0.91642,                0.94121,                0.72251,                0.89858,                0.91642,                0.93877,                0.60202,                0.84217,                 1.0384,                0.45867,                 1.0889,              0.0012687,              0.0012687,              0.0012687
                     37,                0.61952,                0.80469,                0.39496,                0.92531,                0.88913,                0.91075,                0.95391,                 0.7303,                0.88913,                0.91075,                0.95391,                0.60612,                0.83662,                0.98369,                0.47418,                 1.0812,               0.001264,               0.001264,               0.001264
                     38,                0.61098,                0.77583,                0.37686,                0.92304,                0.91429,                0.89863,                0.93122,                0.73055,                0.91429,                0.89863,                0.93555,                0.60906,                0.83024,                0.99972,                0.47362,                 1.0932,              0.0012592,              0.0012592,              0.0012592
                     39,                0.59643,                0.75414,                0.37255,                0.91645,                0.94634,                0.87986,                0.93112,                0.72022,                0.94634,                0.87986,                0.92696,                0.59265,                0.83562,                 1.0609,                0.52357,                 1.0969,              0.0012545,              0.0012545,              0.0012545
                     40,                0.61855,                0.76456,                0.38993,                0.93317,                0.91546,                 0.8966,                0.93479,                0.74156,                0.91813,                0.89909,                0.93643,                0.61706,                0.82352,                 1.0298,                0.47788,                 1.0728,              0.0012498,              0.0012498,              0.0012498
                     41,                0.60672,                0.76785,                0.37318,                0.91574,                0.92529,                0.89115,                0.93801,                0.73172,                0.92529,                0.89115,                0.93844,                0.61637,                0.83923,                 1.0196,                0.47675,                 1.0885,              0.0012451,              0.0012451,              0.0012451
                     42,                0.60785,                0.74626,                0.36721,                0.92211,                0.87822,                0.92249,                0.91048,                 0.7094,                0.87822,                0.92249,                0.90984,                0.60326,                0.84447,                 1.0541,                0.48904,                 1.0781,              0.0012404,              0.0012404,              0.0012404
                     43,                0.60083,                0.79042,                0.36683,                0.91739,                0.93498,                0.89878,                0.94238,                0.73317,                0.93498,                0.89878,                 0.9449,                0.61873,                0.85529,                  1.041,                0.49176,                 1.1065,              0.0012357,              0.0012357,              0.0012357
                     44,                0.59481,                0.73684,                0.36931,                0.91975,                0.94194,                0.86243,                0.95606,                0.74082,                0.93926,                0.85995,                0.95268,                0.61033,                 0.8423,                 1.0826,                0.46285,                 1.0912,              0.0012309,              0.0012309,              0.0012309
                     45,                0.59414,                0.74246,                0.36864,                0.91548,                0.91668,                0.88667,                 0.9452,                0.73859,                0.91934,                0.88916,                 0.9448,                0.60647,                0.83442,                 1.0447,                0.45423,                 1.0829,              0.0012262,              0.0012262,              0.0012262
                     46,                0.60621,                0.75999,                0.36404,                0.92226,                  0.932,                0.89344,                0.94653,                0.74592,                0.92927,                0.89095,                 0.9434,                0.61674,                0.84124,                 1.0305,                0.49161,                 1.0731,              0.0012215,              0.0012215,              0.0012215
                     47,                0.56366,                0.74197,                0.34784,                0.90133,                0.91694,                 0.9118,                0.94493,                0.75336,                0.91968,                0.91429,                0.94672,                0.63104,                0.82455,                 1.0283,                0.48582,                 1.0726,              0.0012168,              0.0012168,              0.0012168
                     48,                0.57031,                 0.7173,                0.35238,                0.90128,                0.94117,                0.88962,                0.95717,                0.75536,                0.94117,                0.88962,                0.95608,                0.64131,                0.83593,                  1.065,                0.45487,                 1.0901,              0.0012121,              0.0012121,              0.0012121
                     49,                0.56867,                0.72097,                0.34938,                0.90687,                0.90558,                0.87637,                0.91572,                0.71231,                0.90558,                0.87637,                0.91398,                0.58757,                0.82983,                 1.0237,                0.51323,                 1.0891,              0.0012074,              0.0012074,              0.0012074
                     50,                0.58186,                0.71796,                0.36385,                0.91165,                0.91255,                 0.8993,                0.93545,                0.73574,                0.91255,                 0.8993,                0.93316,                0.61781,                0.83991,                 1.0353,                0.47061,                 1.0871,              0.0012026,              0.0012026,              0.0012026
                     51,                0.56591,                0.70613,                0.34895,                0.90113,                0.91991,                0.88875,                0.92402,                0.73585,                0.91991,                0.88875,                0.92175,                0.62452,                0.81393,                 1.0095,                 0.5068,                 1.0966,              0.0011979,              0.0011979,              0.0011979
                     52,                0.57719,                0.73188,                 0.3525,                0.90312,                0.93408,                0.87476,                0.93228,                0.72477,                0.93696,                0.87716,                0.93401,                0.63349,                0.83661,                 1.0575,                0.51344,                 1.1136,              0.0011932,              0.0011932,              0.0011932
                     53,                0.55962,                0.67849,                0.34019,                0.91051,                0.96124,                0.88499,                0.95219,                0.73799,                0.96124,                0.88499,                0.95113,                0.64386,                0.83029,                 1.0591,                0.44669,                 1.0882,              0.0011885,              0.0011885,              0.0011885
                     54,                0.55193,                0.70751,                0.33405,                0.90139,                0.92409,                0.89799,                0.94798,                0.73519,                0.92409,                0.89799,                0.94798,                0.63788,                0.84855,                 1.0367,                0.46814,                 1.0979,              0.0011838,              0.0011838,              0.0011838
                     55,                 0.5593,                0.73275,                0.34501,                 0.9021,                0.92512,                0.89151,                0.92309,                0.72395,                0.92512,                0.89151,                0.92309,                0.60723,                0.83529,                 1.0535,                0.50944,                 1.0932,              0.0011791,              0.0011791,              0.0011791
                     56,                0.54013,                0.67877,                0.33838,                0.89054,                0.95317,                0.86375,                0.92549,                0.72142,                0.95317,                0.86375,                0.92686,                0.60563,                0.82654,                 1.1197,                0.49503,                 1.0805,              0.0011744,              0.0011744,              0.0011744
                     57,                0.53697,                0.69596,                0.33444,                0.89604,                0.96985,                0.87619,                0.94432,                0.75615,                0.96985,                0.87619,                0.94432,                0.63593,                0.81291,                 1.0955,                0.47117,                 1.0927,              0.0011696,              0.0011696,              0.0011696
                     58,                0.53406,                0.65768,                0.32821,                0.89589,                 0.9025,                0.92115,                0.94523,                0.74517,                0.90014,                0.91866,                0.94126,                0.61439,                0.81169,                 1.0602,                0.45485,                 1.0804,              0.0011649,              0.0011649,              0.0011649
                     59,                0.53235,                  0.682,                0.32359,                0.88917,                0.92957,                0.91004,                0.94464,                0.74585,                0.93213,                0.91253,                 0.9459,                0.61528,                0.80881,                 1.0668,                 0.4664,                 1.0827,              0.0011602,              0.0011602,              0.0011602
                     60,                0.54373,                 0.6865,                0.32586,                0.88965,                0.95109,                0.89347,                0.94389,                0.73825,                0.95109,                0.89347,                0.94189,                0.62194,                0.81544,                 1.0349,                0.45436,                 1.0857,              0.0011555,              0.0011555,              0.0011555
                     61,                0.52852,                0.70411,                0.33002,                0.89091,                 0.9502,                0.90026,                0.94096,                 0.7378,                0.95291,                0.90275,                0.94289,                0.62584,                0.82106,                 1.0455,                0.48184,                 1.1005,              0.0011508,              0.0011508,              0.0011508
                     62,                0.52671,                0.67908,                0.33357,                0.88803,                0.95242,                0.87257,                0.94291,                0.74409,                0.95242,                0.87257,                0.94291,                0.63831,                0.83909,                 1.1073,                0.46211,                 1.1239,              0.0011461,              0.0011461,              0.0011461
                     63,                0.51799,                0.68274,                   0.32,                0.88476,                0.94265,                0.88332,                0.94183,                0.73781,                0.94265,                0.88332,                0.93609,                0.62477,                0.81825,                 1.0459,                0.46797,                 1.0952,              0.0011413,              0.0011413,              0.0011413
                     64,                0.54796,                0.73027,                0.33402,                 0.8888,                0.91947,                0.88897,                0.92654,                0.73061,                0.91947,                0.88897,                0.92654,                0.61424,                0.83641,                 1.0854,                0.50385,                 1.0998,              0.0011366,              0.0011366,              0.0011366
                     65,                0.53514,                0.69248,                0.32722,                0.88232,                0.92815,                0.89012,                0.93653,                  0.735,                0.92815,                0.89012,                0.93653,                0.61354,                0.84033,                 1.0533,                0.50905,                    1.1,              0.0011319,              0.0011319,              0.0011319
                     66,                0.52452,                 0.6505,                0.32439,                0.89281,                0.95653,                 0.9121,                0.95607,                0.75501,                0.95919,                0.91459,                0.95893,                0.64054,                  0.825,                 1.0444,                0.42028,                 1.0794,              0.0011272,              0.0011272,              0.0011272
                     67,                0.51724,                0.67164,                0.32587,                0.87999,                0.95171,                0.88938,                0.94406,                0.74299,                0.95171,                0.88938,                0.94406,                0.61853,                0.83194,                 1.0807,                0.46311,                 1.1024,              0.0011225,              0.0011225,              0.0011225
                     68,                0.50791,                0.67463,                 0.3186,                0.88972,                0.91005,                0.90204,                0.94064,                0.74326,                0.91301,                0.90326,                0.94044,                0.62947,                0.81565,                 1.0877,                 0.4829,                 1.1055,              0.0011178,              0.0011178,              0.0011178
                     69,                0.51934,                0.66499,                0.31696,                0.88284,                0.95724,                0.89028,                 0.9363,                0.73356,                0.95724,                0.89028,                 0.9363,                0.61032,                0.83127,                 1.1038,                0.47601,                 1.0996,               0.001113,               0.001113,               0.001113
                     70,                0.51281,                 0.6556,                0.31819,                 0.8942,                0.92379,                0.89781,                0.95656,                0.74439,                0.92379,                0.89781,                0.95278,                0.61988,                0.83817,                 1.0816,                0.42502,                 1.1135,              0.0011083,              0.0011083,              0.0011083
                     71,                0.50677,                0.66231,                0.32865,                0.88902,                0.94164,                0.89193,                0.95219,                0.75256,                0.93905,                0.88944,                0.95319,                0.62313,                0.82726,                 1.1376,                0.44176,                 1.1039,              0.0011036,              0.0011036,              0.0011036
                     72,                0.51766,                0.64226,                0.32002,                0.88506,                 0.9376,                0.90448,                0.94062,                0.74358,                 0.9376,                0.90448,                0.94062,                0.61252,                0.83245,                 1.0912,                0.44927,                 1.1003,              0.0010989,              0.0010989,              0.0010989
                     73,                0.53182,                0.66601,                0.33233,                 0.8884,                0.96445,                0.85608,                0.92551,                0.73847,                0.96445,                0.85608,                0.92421,                0.60836,                0.81214,                 1.1192,                0.51142,                  1.104,              0.0010942,              0.0010942,              0.0010942
                     74,                0.51678,                0.64791,                0.31588,                0.88716,                 0.9426,                0.89484,                 0.9428,                 0.7427,                 0.9426,                0.89484,                0.94312,                0.62749,                0.81886,                 1.1214,                0.46159,                 1.0891,              0.0010895,              0.0010895,              0.0010895
                     75,                0.51119,                0.66659,                0.32133,                0.88342,                0.91614,                0.91332,                0.93502,                0.73523,                0.91614,                0.91332,                0.93502,                0.61858,                0.82267,                 1.0902,                 0.4458,                 1.1029,              0.0010848,              0.0010848,              0.0010848
                     76,                0.50159,                0.65281,                0.31536,                0.88044,                0.97536,                0.86223,                 0.9385,                0.73389,                0.97536,                0.86223,                 0.9385,                0.60466,                0.81557,                 1.1075,                 0.4761,                 1.0779,                0.00108,                0.00108,                0.00108
                     77,                0.50308,                0.67099,                0.30671,                0.87838,                0.91183,                0.90988,                 0.9331,                0.73932,                0.91183,                0.90988,                 0.9331,                0.61827,                0.82393,                 1.1247,                0.47433,                  1.093,              0.0010753,              0.0010753,              0.0010753
                     78,                0.50689,                0.68125,                0.31579,                0.88778,                  0.956,                0.90778,                0.96375,                0.75707,                0.95891,                0.91018,                0.96453,                0.64442,                0.82018,                 1.0802,                0.40367,                 1.0991,              0.0010706,              0.0010706,              0.0010706
                     79,                0.50278,                0.65613,                0.32094,                0.88116,                0.94969,                0.87629,                0.93448,                0.73577,                0.94969,                0.87629,                0.93198,                0.60949,                0.82098,                 1.0686,                0.45239,                 1.0938,              0.0010659,              0.0010659,              0.0010659
                     80,                0.48881,                0.64959,                0.30672,                0.87985,                0.95705,                0.89926,                0.94946,                 0.7551,                0.95403,                0.89643,                 0.9429,                0.62763,                 0.8285,                 1.1161,                0.45612,                 1.0937,              0.0010612,              0.0010612,              0.0010612
                     81,                0.50221,                0.66334,                0.30611,                0.88675,                0.93094,                 0.9214,                0.94712,                0.75368,                0.93094,                 0.9214,                0.94712,                0.62235,                0.81015,                 1.0798,                0.43408,                  1.079,              0.0010565,              0.0010565,              0.0010565
                     82,                0.50404,                0.65872,                0.30728,                0.88322,                0.92579,                0.90177,                0.94657,                0.74669,                0.92579,                0.90177,                0.94657,                0.62295,                0.83603,                 1.1557,                0.49873,                 1.1023,              0.0010517,              0.0010517,              0.0010517
                     83,                0.50099,                0.65914,                0.30616,                0.88694,                0.93551,                0.89099,                0.94539,                0.75298,                0.93551,                0.89099,                0.94641,                 0.6355,                0.82483,                 1.2396,                0.46239,                 1.1107,               0.001047,               0.001047,               0.001047
                     84,                0.49631,                 0.6457,                0.29947,                0.88047,                0.93565,                0.90127,                0.92909,                0.73985,                0.94059,                0.87697,                0.92831,                0.62786,                0.81926,                 1.1119,                0.48938,                 1.0977,              0.0010423,              0.0010423,              0.0010423
                     85,                0.48597,                0.65187,                0.29438,                  0.876,                0.95815,                0.87725,                0.94368,                0.73881,                0.95862,                0.88793,                0.94514,                0.59933,                0.81329,                 1.0324,                 0.4433,                 1.0938,              0.0010376,              0.0010376,              0.0010376
                     86,                0.48284,                0.63239,                0.30437,                0.88032,                0.93547,                0.88638,                0.93652,                0.74591,                0.93547,                0.88638,                0.93532,                0.63104,                0.80499,                 1.1328,                0.43875,                 1.0903,              0.0010329,              0.0010329,              0.0010329
                     87,                0.49199,                0.63766,                 0.3086,                 0.8745,                0.96735,                0.85922,                0.91538,                 0.7233,                0.96427,                 0.8564,                0.91492,                0.60237,                 0.8164,                 1.1215,                0.49828,                 1.0919,              0.0010282,              0.0010282,              0.0010282
                     88,                0.47531,                0.62972,                0.29313,                0.86996,                0.96055,                0.85338,                0.93677,                0.73476,                0.96055,                0.85338,                0.93677,                0.61492,                 0.8118,                 1.1763,                0.46186,                 1.1083,              0.0010234,              0.0010234,              0.0010234
                     89,                0.49465,                0.61079,                0.30492,                0.88917,                0.92909,                0.89177,                0.93194,                0.74187,                0.92909,                0.89177,                0.93194,                0.62532,                0.80839,                 1.1604,                0.45636,                 1.1023,              0.0010187,              0.0010187,              0.0010187
                     90,                0.47758,                0.64171,                0.29708,                0.87343,                0.94917,                0.90136,                0.93877,                0.74835,                0.95174,                0.90385,                0.94284,                0.63222,                0.81561,                 1.2335,                0.45444,                 1.0937,               0.001014,               0.001014,               0.001014
                     91,                0.46176,                0.61318,                0.28762,                0.87047,                0.94137,                0.86581,                0.94113,                0.73853,                0.94137,                0.86581,                0.94113,                0.61685,                0.82342,                 1.2003,                0.44113,                 1.1019,              0.0010093,              0.0010093,              0.0010093
                     92,                0.46723,                 0.6145,                0.29665,                0.87012,                 0.9325,                0.88006,                0.93237,                0.74377,                 0.9325,                0.88006,                0.93237,                0.62326,                0.81536,                 1.1405,                0.48415,                 1.1162,              0.0010046,              0.0010046,              0.0010046
                     93,                 0.4578,                 0.5957,                0.28799,                0.86979,                0.96554,                0.86732,                0.94925,                 0.7542,                0.96554,                0.86732,                0.94778,                0.63814,                0.80728,                 1.1693,                0.44906,                 1.1042,             0.00099987,             0.00099987,             0.00099987
                     94,                0.47023,                0.62287,                0.28581,                0.86658,                0.94065,                 0.8907,                0.94265,                 0.7587,                0.94065,                 0.8907,                0.94265,                0.64192,                0.81555,                 1.2143,                0.48605,                 1.0999,             0.00099516,             0.00099516,             0.00099516
                     95,                0.45441,                0.61907,                 0.2832,                0.86002,                0.95612,                0.87935,                0.94497,                 0.7607,                0.95024,                 0.8737,                0.93899,                0.64808,                0.80706,                  1.194,                0.44884,                 1.0901,             0.00099044,             0.00099044,             0.00099044
                     96,                0.46789,                0.61698,                0.28501,                0.86733,                0.95437,                  0.888,                0.93707,                0.74736,                0.95437,                  0.888,                 0.9384,                0.63071,                0.82143,                 1.2033,                0.47668,                 1.0907,             0.00098572,             0.00098572,             0.00098572
                     97,                0.44542,                0.60807,                0.28081,                0.86782,                0.95828,                0.89505,                 0.9431,                0.75843,                0.95828,                0.89505,                 0.9439,                0.63596,                0.79049,                  1.227,                0.46367,                 1.0867,             0.00098101,             0.00098101,             0.00098101
                     98,                0.44901,                0.56545,                0.28434,                0.85973,                0.96242,                0.87287,                0.94777,                0.75143,                 0.9623,                0.87254,                0.94973,                0.63013,                0.79719,                 1.1539,                0.44302,                 1.0947,             0.00097629,             0.00097629,             0.00097629
                     99,                0.45389,                0.57864,                0.28577,                0.86671,                0.94032,                0.87338,                0.95128,                0.76109,                0.94032,                0.87338,                0.95128,                0.64785,                0.79256,                 1.1459,                0.44192,                 1.0803,             0.00097158,             0.00097158,             0.00097158
                    100,                0.45333,                0.61871,                0.28415,                 0.8593,                0.93911,                0.88594,                 0.9489,                0.74899,                0.93911,                0.88594,                 0.9489,                 0.6235,                0.80945,                 1.1438,                0.43499,                 1.1204,             0.00096686,             0.00096686,             0.00096686
                    101,                0.45415,                0.57928,                0.28526,                0.86212,                0.92527,                0.89293,                0.94639,                0.74343,                0.92527,                0.89293,                0.94822,                0.62538,                0.81148,                 1.1677,                 0.4064,                 1.0997,             0.00096215,             0.00096215,             0.00096215
                    102,                0.44929,                0.59248,                0.28326,                0.85703,                0.92615,                0.89023,                0.93547,                0.74307,                0.92019,                0.88458,                0.92843,                0.62805,                0.82909,                 1.3047,                0.51809,                 1.1128,             0.00095743,             0.00095743,             0.00095743
                    103,                0.45027,                0.59156,                0.28167,                0.86053,                0.95043,                0.87563,                0.93812,                0.75176,                0.95043,                0.87563,                0.93812,                0.62728,                0.81108,                 1.2079,                0.45321,                 1.0889,             0.00095271,             0.00095271,             0.00095271
                    104,                 0.4504,                0.57761,                0.27789,                0.86438,                0.95237,                0.87851,                0.93435,                0.74818,                0.94942,                0.87569,                0.92886,                0.62897,                0.81011,                 1.2246,                0.45348,                 1.0997,               0.000948,               0.000948,               0.000948
                    105,                 0.4459,                0.58695,                0.27415,                0.86384,                0.95379,                0.88027,                0.93627,                0.74103,                0.94784,                0.87462,                0.92997,                0.62447,                0.81245,                  1.197,                0.44978,                 1.0844,             0.00094328,             0.00094328,             0.00094328
                    106,                0.44112,                 0.6082,                0.26903,                0.85428,                0.93784,                0.87663,                0.93033,                0.73454,                0.93784,                0.87663,                0.93033,                0.61994,                0.81151,                 1.2544,                0.47585,                  1.098,             0.00093857,             0.00093857,             0.00093857
                    107,                0.44476,                0.58484,                0.27064,                0.86422,                0.91013,                0.90543,                0.92845,                0.73754,                0.91013,                0.90543,                0.92845,                0.62815,                0.80896,                 1.2253,                0.47343,                 1.1142,             0.00093385,             0.00093385,             0.00093385
                    108,                0.43683,                0.59526,                0.27415,                0.86126,                0.93392,                0.88906,                0.91446,                0.72216,                0.93649,                0.89155,                0.91891,                0.60243,                0.80379,                 1.2157,                0.47044,                  1.104,             0.00092914,             0.00092914,             0.00092914
                    109,                0.44887,                0.58068,                0.27232,                0.86187,                 0.9532,                0.88054,                0.91404,                0.72332,                 0.9532,                0.88054,                0.91367,                0.61066,                0.80748,                 1.1836,                0.46227,                 1.1013,             0.00092442,             0.00092442,             0.00092442
                    110,                0.44269,                 0.5814,                0.28194,                0.86523,                0.96612,                0.88334,                0.92816,                0.74807,                0.96315,                0.88052,                0.92575,                0.62954,                0.80044,                 1.2527,                0.43857,                 1.0972,              0.0009197,              0.0009197,              0.0009197
                    111,                0.42894,                0.57881,                0.26858,                0.85398,                0.94954,                0.88824,                 0.9284,                0.75344,                0.94954,                0.88824,                 0.9284,                0.62556,                0.80623,                 1.3555,                0.49067,                 1.1131,             0.00091499,             0.00091499,             0.00091499
                    112,                0.43946,                0.57447,                0.26999,                0.85803,                0.97695,                0.88422,                0.93495,                 0.7603,                0.97695,                0.88422,                0.93495,                 0.6357,                0.81352,                 1.2505,                0.46317,                 1.1075,             0.00091027,             0.00091027,             0.00091027
                    113,                0.44208,                0.58284,                0.27785,                0.85982,                0.97763,                0.87009,                0.92674,                0.74627,                0.97464,                0.86727,                 0.9244,                0.62214,                0.81864,                 1.2453,                0.48048,                 1.1164,             0.00090556,             0.00090556,             0.00090556
                    114,                0.42282,                0.57639,                0.26895,                 0.8588,                0.96071,                0.86707,                 0.9318,                0.75246,                0.96071,                0.86707,                 0.9318,                0.63077,                0.78162,                 1.1969,                0.46334,                 1.1025,             0.00090084,             0.00090084,             0.00090084
                    115,                 0.4346,                0.56571,                0.27308,                0.85668,                0.96248,                0.88165,                0.93079,                0.74866,                0.96248,                0.88165,                0.93079,                0.62966,                0.79922,                 1.2485,                0.40847,                 1.1146,             0.00089613,             0.00089613,             0.00089613
                    116,                0.43193,                0.57899,                0.26567,                0.86138,                0.98085,                0.85923,                0.92917,                0.75386,                0.98085,                0.85923,                0.92917,                0.63406,                0.77951,                 1.1781,                0.46214,                 1.0951,             0.00089141,             0.00089141,             0.00089141
                    117,                0.41912,                0.56028,                0.26385,                0.85265,                0.96658,                0.85673,                 0.9348,                0.74351,                0.96658,                0.85673,                 0.9348,                0.63554,                0.79115,                 1.2314,                0.48269,                 1.1045,             0.00088669,             0.00088669,             0.00088669
                    118,                0.43032,                 0.5599,                0.26406,                0.85843,                0.92063,                0.90011,                0.94195,                0.74496,                0.92063,                0.90011,                 0.9428,                0.63271,                0.80431,                 1.2401,                0.46335,                 1.1062,             0.00088198,             0.00088198,             0.00088198
                    119,                0.41875,                0.57265,                0.25989,                0.85322,                0.95202,                0.87052,                0.93714,                0.74985,                0.95202,                0.87052,                 0.9367,                0.63892,                0.80918,                 1.2242,                0.47191,                 1.1066,             0.00087726,             0.00087726,             0.00087726
                    120,                0.41947,                0.54711,                0.26499,                 0.8635,                 0.9525,                0.86123,                0.91823,                0.74396,                 0.9525,                0.86123,                0.91955,                0.63125,                0.78615,                 1.2605,                0.52731,                 1.0965,             0.00087255,             0.00087255,             0.00087255
                    121,                 0.4231,                0.58741,                0.26331,                0.85052,                0.94994,                0.87013,                0.91341,                0.73077,                0.94994,                0.87013,                0.92043,                0.60951,                0.77897,                 1.1624,                0.46624,                 1.0905,             0.00086783,             0.00086783,             0.00086783
                    122,                0.42052,                0.55004,                0.26759,                0.85737,                0.97064,                0.86594,                 0.9221,                0.74298,                0.97356,                0.86836,                0.93157,                0.62004,                0.80554,                  1.268,                0.46082,                 1.1128,             0.00086312,             0.00086312,             0.00086312
                    123,                 0.4158,                0.56266,                0.26305,                0.85119,                0.96757,                0.84606,                0.92876,                0.74506,                0.96757,                0.84606,                0.92972,                 0.6235,                0.81284,                 1.2902,                0.50099,                 1.1254,              0.0008584,              0.0008584,              0.0008584
                    124,                0.41772,                0.56717,                0.26809,                0.84818,                0.95713,                0.88129,                0.93508,                 0.7531,                0.95713,                0.88129,                0.93508,                0.61706,                0.79998,                 1.3217,                0.44911,                 1.1275,             0.00085368,             0.00085368,             0.00085368
                    125,                0.42911,                0.57584,                0.27293,                0.86244,                0.91475,                0.91753,                0.93535,                0.73847,                0.91475,                0.91753,                0.93535,                0.62333,                0.80388,                  1.252,                0.44104,                 1.1084,             0.00084897,             0.00084897,             0.00084897
                    126,                0.41768,                0.54636,                  0.261,                0.85989,                0.96029,                0.86051,                 0.9262,                0.73192,                0.96029,                0.86051,                 0.9262,                0.61916,                0.80624,                 1.2884,                0.45219,                   1.11,             0.00084425,             0.00084425,             0.00084425
                    127,                 0.4282,                0.54356,                0.26457,                0.85608,                0.93707,                0.89094,                0.93307,                  0.744,                0.93707,                0.89094,                0.93307,                0.63416,                0.78997,                 1.2109,                0.47118,                 1.1033,             0.00083954,             0.00083954,             0.00083954
                    128,                0.40746,                0.56561,                  0.258,                0.85362,                0.93523,                0.90283,                0.93919,                0.75353,                0.93791,                0.90532,                 0.9429,                0.64469,                0.79536,                 1.2574,                0.46897,                 1.1076,             0.00083482,             0.00083482,             0.00083482
                    129,                0.39694,                0.55286,                0.25345,                0.84543,                0.95535,                0.85194,                0.93322,                0.74989,                0.96156,                0.85684,                0.94128,                0.63064,                0.78289,                 1.2794,                0.49444,                  1.106,             0.00083011,             0.00083011,             0.00083011
                    130,                 0.4171,                0.55489,                0.25809,                0.85262,                0.96665,                0.85716,                0.92103,                0.73784,                0.96952,                0.85965,                0.92597,                 0.6294,                0.81374,                 1.3404,                0.46864,                 1.1191,             0.00082539,             0.00082539,             0.00082539
                    131,                0.41078,                0.55503,                0.25422,                0.84882,                0.96728,                0.85795,                0.93152,                0.74161,                0.97025,                0.86028,                 0.9355,                0.62501,                0.79718,                 1.2867,                0.44097,                 1.1067,             0.00082067,             0.00082067,             0.00082067
                    132,                0.41111,                0.55816,                0.26152,                0.84952,                0.93292,                0.86826,                0.92423,                0.73133,                0.93578,                0.87075,                0.92825,                0.62519,                0.80095,                 1.2928,                0.46412,                 1.1107,             0.00081596,             0.00081596,             0.00081596
                    133,                0.41365,                0.53559,                0.26042,                0.85393,                0.96334,                0.86257,                0.92364,                0.72984,                0.96334,                0.86257,                0.92364,                 0.6231,                0.81194,                 1.3379,                0.48891,                 1.1072,             0.00081124,             0.00081124,             0.00081124
                    134,                0.41935,                0.57128,                0.25973,                0.85688,                0.95002,                 0.8762,                0.92788,                0.74303,                0.95284,                0.87869,                0.93201,                0.62897,                0.80293,                 1.2022,                0.47243,                  1.096,             0.00080653,             0.00080653,             0.00080653
                    135,                0.40741,                 0.5455,                0.25759,                0.85017,                0.93534,                0.88709,                0.92911,                0.74338,                0.93534,                0.88709,                0.92911,                0.63368,                0.79793,                 1.2598,                0.47041,                 1.0961,             0.00080181,             0.00080181,             0.00080181
                    136,                0.40689,                0.53843,                0.25585,                0.84751,                0.95476,                0.87142,                 0.9207,                0.73247,                0.95476,                0.87142,                 0.9207,                0.61947,                0.80238,                 1.2469,                0.47206,                 1.1071,              0.0007971,              0.0007971,              0.0007971
                    137,                0.39775,                0.56051,                0.25034,                0.84729,                0.95198,                 0.8784,                0.91754,                0.73273,                0.95471,                0.88089,                0.92202,                0.61553,                0.79264,                 1.2508,                0.44146,                  1.104,             0.00079238,             0.00079238,             0.00079238
                    138,                0.39025,                0.50238,                0.23927,                0.84959,                0.93909,                0.86766,                0.92256,                0.74008,                0.93909,                0.86766,                0.92256,                0.62748,                0.79494,                 1.2859,                0.47399,                 1.1085,             0.00078766,             0.00078766,             0.00078766
                    139,                0.40089,                0.53331,                 0.2532,                0.85557,                0.97065,                0.87395,                0.93093,                0.73535,                0.97065,                0.87395,                0.92895,                0.62183,                 0.8028,                  1.294,                0.43101,                 1.0955,             0.00078295,             0.00078295,             0.00078295
                    140,                0.39264,                0.51587,                0.23964,                0.85553,                0.94547,                0.87041,                0.91884,                0.72643,                0.94547,                0.87041,                0.91686,                0.61208,                0.80566,                 1.2882,                0.44123,                 1.1085,             0.00077823,             0.00077823,             0.00077823
                    141,                0.40129,                 0.5199,                0.25016,                0.84347,                0.96525,                0.87528,                0.92362,                 0.7348,                0.96525,                0.87528,                0.92143,                0.60457,                0.78531,                 1.2578,                0.42644,                 1.0975,             0.00077352,             0.00077352,             0.00077352
                    142,                0.39656,                0.51019,                0.24829,                0.84151,                0.95431,                0.88183,                0.91786,                 0.7333,                0.95431,                0.88183,                0.91788,                0.61735,                0.79011,                 1.3186,                0.41853,                 1.0976,              0.0007688,              0.0007688,              0.0007688
                    143,                0.38804,                0.49832,                0.24125,                0.84342,                0.95765,                0.87555,                0.92286,                0.72838,                0.96033,                0.87804,                0.93057,                0.61792,                0.79325,                 1.3209,                 0.4294,                 1.0942,             0.00076409,             0.00076409,             0.00076409
                    144,                0.39458,                0.52265,                0.24776,                0.84404,                0.94269,                  0.873,                 0.9305,                0.74263,                 0.9454,                0.87549,                0.93534,                0.61501,                0.78834,                 1.3607,                0.40736,                 1.0945,             0.00075937,             0.00075937,             0.00075937
                    145,                0.39235,                0.52833,                0.24625,                0.85294,                0.96492,                0.85468,                 0.9399,                0.75414,                0.96781,                0.85717,                0.94489,                 0.6256,                0.78826,                 1.3455,                0.43605,                 1.0967,             0.00075465,             0.00075465,             0.00075465
                    146,                0.39225,                0.50455,                0.24567,                0.84465,                0.95971,                0.86045,                0.93943,                0.75325,                0.96254,                0.86294,                 0.9437,                0.62955,                0.78527,                 1.3337,                0.46535,                 1.0922,             0.00074994,             0.00074994,             0.00074994
                    147,                0.38679,                0.52467,                0.24395,                0.84449,                0.96595,                0.86629,                0.93881,                0.75061,                0.96884,                 0.8687,                0.94312,                0.63123,                0.78057,                 1.2548,                0.41963,                 1.1059,             0.00074522,             0.00074522,             0.00074522
                    148,                0.39422,                0.53192,                0.25023,                0.84747,                0.96667,                0.85236,                0.93309,                0.74905,                0.96667,                0.85236,                0.93309,                0.63724,                0.77456,                 1.2749,                0.42673,                 1.0945,             0.00074051,             0.00074051,             0.00074051
                    149,                0.37634,                0.52609,                 0.2384,                0.83529,                0.97471,                0.87619,                0.93429,                0.75249,                0.97749,                0.87868,                0.93898,                0.63245,                0.78228,                 1.3012,                0.43814,                 1.1025,             0.00073579,             0.00073579,             0.00073579
